<?xml version="1.0" encoding="UTF-8"?>
<!DOCTYPE mapper PUBLIC "-//mybatis.org//DTD Mapper 3.0//EN"
 "http://mybatis.org/dtd/mybatis-3-mapper.dtd">
 
 <mapper namespace="mapper.account">
 	<insert id="insertAccount" parameterType="account">
<!--  	 useGeneratedKeys="true" keyProperty="id" 이거는 key값이 자동으로 정해질 때 넣는다 얘는 자동 아니니까 -->
 		<![CDATA[
         insert into account (id, name, balance, type, grade)
         values (#{id}, #{name}, #{balance}, #{type}, #{grade})
      	]]>
 	</insert>
 	
 	<select id="selectAccount" parameterType="String" resultType="account">
 		<![CDATA[
         select * from account where id=#{id}
      	]]>
 	</select>
 	
 	<update id="updateAccountBalance" parameterType="Map">
 		<![CDATA[
         update account set balance=#{balance} where id=#{id}
      	]]>
 	</update>
 	
 	<select id="selectAccountList" resultType="account">
 		<![CDATA[
         select * from account
      	]]>
 	</select>
 	
 </mapper>